inm series,abbreviation,lum file SMILES,inm corrected SMILES,lum file,population,,
1,Me,*C,*C,1,1996,,
2,Et,*CC,*CC,20,98,,
3,Pr,*CCC,*CCC,307,2,,
4,nPr,*CCC,*CCC,754,1,,
5,n-Pr,*CCC,*CCC,722,1,,
6,iPr,*C(C)C,*C(C)C,78,21,,
7,i-Pr,*C(C)C,*C(C)C,110,12,,
8,Bu,*CCCC,*CCCC,74,21,,
9,nBu,*CCCC,*CCCC,665,1,,
10,n-Bu,*CCCC,*CCCC,88,18,,
11,iBu,*CC(C)C,*CC(C)C,692,1,,
12,i-Bu,*CC(C)C,*CC(C)C,725,1,,
13,tBu,*C(C)(C)C,*C(C)(C)C,58,32,,
14,t-Bu,*C(C)(C)C,*C(C)(C)C,28,55,,
15,,,,,,,
16,CH3,,*C,,,,
17,C2H5,*CC,*CC,46,41,,
18,C3H7,*CCC,*CCC,65,27,,
19,nC3H7,,*CCC,,,,
20,n-C3H7,,*CCC,,,,
21,iC3H7,,*C(C)C,,,,
22,i-C3H7,,*C(C)C,,,,
23,C4H9,*CCCC,*CCCC,85,19,,
24,nC4H9,,*CCCC,,,,
25,n-C4H9,,*CCCC,,,,
26,iC4H9,,*CC(C)C,,,,
27,i-C4H9,,*CC(C)C,,,,
28,tC4H9,,*C(C)(C)C,,,,
29,t-C4H9,,*C(C)(C)C,,,,
30,,,,,,,
31,C5H11,*CCCCC,*CCCCC,33,46,,
32,C6H13,*CCCCCC,*CCCCCC,34,46,,
33,C7H15,*CCCCCCC,*CCCCCCC,103,14,,
34,C8H17,*CCCCCCCC,*CCCCCCCC,54,35,,
35,C9H19,*CCCCCCCCC,*CCCCCCCCC,212,4,,
36,C10H21,*CCCCCCCCCC,*CCCCCCCCCC,47,40,,
37,C11H23,*CCCCCCCCCCC,*CCCCCCCCCCC,271,3,,
38,C12H25,*CCCCCCCCCCCC,*CCCCCCCCCCCC,45,42,,
39,C13H27,*CCCCCCCCCCCCC,*CCCCCCCCCCCCC,120,11,,
40,C14H29,*CCCCCCCCCCCCCC,*CCCCCCCCCCCCCC,86,19,,
41,C15H31,*CCCCCCCCCCCCCCC,*CCCCCCCCCCCCCCC,51,36,,
42,C16H33,*C*,*CCCCCCCCCCCCCCCC,183,5,,
43,C17H35,*CC*,*CCCCCCCCCCCCCCCCC,125,10,,
44,C18H37,*CCC*,*CCCCCCCCCCCCCCCCCC,356,2,,
45,C19H39,*CCCC*,*CCCCCCCCCCCCCCCCCCC,649,1,,
46,C20H41,,*CCCCCCCCCCCCCCCCCCCC,,,,
47,,,,,,,
48,CH(CH3)2,*C(C)C,*C(C)C,220,4,,
49,C(CH3)3,*C(C)(C)C,*C(C)(C)C,186,5,,
50,,,,,,,
51,H3C,,*C,,,,
52,H5C2,*CC,*CC,306,2,,
53,H7C3,*CCC,*CCC,688,1,,
54,H9C4,*CCCC,*CCCC,202,5,,
55,H11C5,*CCCCC,*CCCCC,642,1,,
56,H13C6,,*CCCCCC,,,,
57,H15C7,*CCCCCCC,*CCCCCCC,610,1,,
58,H17C8,*CCCCCCCC,*CCCCCCCC,314,2,,
59,H19C9,,*CCCCCCCCC,,,,
60,H21C10,,*CCCCCCCCCC,,,,
61,H23C11,*CCCCCCCCCCC,*CCCCCCCCCCC,525,1,,
62,H25C12,*CCCCCCCCCCCC,*CCCCCCCCCCCC,282,3,,
63,H27C13,,*CCCCCCCCCCCCC,,,,
64,H29C14,,*CCCCCCCCCCCCCC,,,,
65,H31C15,*CCCCCCCCCCCCCCC,*CCCCCCCCCCCCCCC,239,3,,
66,H33C16,,*CCCCCCCCCCCCCCCC,,,,
67,H35C17,,*CCCCCCCCCCCCCCCCC,,,,
68,H37C18,**CC*,*CCCCCCCCCCCCCCCCCC,451,1,,
69,H39C19,,*CCCCCCCCCCCCCCCCCCC,,,,
70,H41C20,,*CCCCCCCCCCCCCCCCCCCC,,,,
71,,,,,,,
72,(H3C)2HC,*C(C)C,*C(C)C,402,1,,
73,(CH3)2HC,,*C(C)C,,,,
74,(H3C)3C,*CC(C)C,*C(C)(C)C,277,3,,
75,(CH3)3C,*CC(C)C,*C(C)(C)C,555,1,,
76,,,,,,,
77,CH2CH3,*CC,*CC,133,9,,
78,H3CH2C,*CC,*CC,52,36,,
79,,,,,,,
80,CD3,*C([2H])([2H])[2H],*C([2H])([2H])[2H],36,45,,
81,D3C,*C([2H])([2H])[2H],*C([2H])([2H])[2H],389,2,,
82,,,,,,,
83,Ph,*C1=CC=CC=C1,*C1=CC=CC=C1,10,385,,
84,,,,,,,
85,C6H5,*C1=CC=CC=C1,*C1=CC=CC=C1,294,2,,
86,H5C6,,*C1=CC=CC=C1,,,,
87,,,,,,,
88,Cy,*C1CCCCC1,*C1CCCCC1,267,3,cyclohexyl,
89,,,,,,,
90,Bn,*CC1=CC=CC=C1,*CC1=CC=CC=C1,30,54,benzyl,
91,,,,,,,
92,Mes,*C1=C(C)C=C(C)C=C1C,*C1=C(C)C=C(C)C=C1C,335,2,mesityl,
93,,,,,,,
94,Ad,*C12CC3C[C@H](C1)C[C@@H](C3)C2,*C13CC2CC(C1)CC(C2)C3,363,2,adamantyl,
95,,,,,,,
96,CH2F,*CF,*CF,248,3,,
97,CFH2,,*CF,,,,
98,CHF2,*C(F)F,*C(F)F,24,62,,
99,CF2H,*C(F)F,*C(F)F,41,43,,
100,CF3,*C(F)(F)F,*C(F)(F)F,2,1684,,
101,,,,,,,
102,FH2C,,*CF,,,,
103,H2FC,,*CF,,,,
104,F2HC,*C(F)F,*C(F)F,581,1,,
105,HF2C,*[H]C(F)F,*C(F)F,130,10,,
106,F3C,*C(F)(F)F,*C(F)(F)F,26,56,,
107,,,,,,,
108,OMe,*OC,*OC,5,857,,
109,OEt,*OCC,*OCC,15,154,,
110,OPr,*OCCC,*OCCC,781,1,,
111,OnPr,,*OCCC,,,,
112,On-Pr,*OCCC,*OCCC,632,1,,
113,OiPr,*OC(C)C,*OC(C)C,184,5,,
114,Oi-Pr,,*OC(C)C,,,,
115,OBu,,*OCCCC,,,,
116,OnBu,,*OCCCC,,,,
117,On-Bu,,*OCCCC,,,,
118,OiBu,*OCC(C)C,*OCC(C)C,518,1,,
119,Oi-Bu,,*OCC(C)C,,,,
120,OtBu,*OC(C)(C)C,*OC(C)(C)C,68,24,,
121,Ot-Bu,*OC(C)(C)C,*OC(C)(C)C,164,6,,
122,,,,,,,
123,MeO,*OC,*OC,32,49,,
124,EtO,*OCC,*OCC,140,8,,
125,PrO,,*OCCC,,,,
126,nPrO,,*OCCC,,,,
127,n-PrO,,*OCCC,,,,
128,iPrO,,*OC(C)C,,,,
129,i-PrO,,*OC(C)C,,,,
130,BuO,*OCCCC,*OCCCC,479,1,,
131,nBuO,,*OCCCC,,,,
132,n-BuO,,*OCCCC,,,,
133,iBuO,,*OCC(C)C,,,,
134,i-BuO,,*OCC(C)C,,,,
135,tBuO,,*OC(C)(C)C,,,,
136,t-BuO,*OC(C)(C)C,*OC(C)(C)C,623,1,,
137,,,,,,,
138,OCH3,*OC,*OC,7,442,,
139,OC2H5,*OCC,*OCC,90,17,,
140,OC3H7,*OCCC,*OCCC,296,2,,
141,OC4H9,,*OCCCC,,,,
142,,,,,,,
143,CH3O,*CO,*OC,62,27,,
144,C2H5O,*OCC,*OCC,249,3,,
145,C3H7O,,*OCCC,,,,
146,C4H9O,,*OCCCC,,,,
147,,,,,,,
148,H3CO,*CO,*OC,14,173,,
149,H5C2O,*OCC,*OCC,559,1,,
150,H7C3O,,*OCCC,,,,
151,H9C4O,,*OCCCC,,,,
152,,,,,,,
153,OCH2CH3,*OCC,*OCC,81,20,,
154,,,,,,,
155,CH3CH2O,,*OCC,,,,
156,H3CH2CO,,*OCC,,,,
157,,,,,,,
158,OCD3,*OC([2H])([2H])[2H],*OC([2H])([2H])[2H],193,5,,
159,,,,,,,
160,CD3O,,*OC([2H])([2H])[2H],,,,
161,D3CO,,*OC([2H])([2H])[2H],,,,
162,,,,,,,
163,OCH2F,*OCF,*OCF,338,2,,
164,OCFH2,,*OCF,,,,
165,OCHF2,*OC(F)F,*OC(F)F,84,19,,
166,OCF2H,*OC(F)F,*OC(F)F,187,5,,
167,OCF3,*OC(F)(F)F,*OC(F)(F)F,16,148,,
168,,,,,,,
169,FH2CO,*FC=O,*OCF,668,1,,
170,H2FCO,,*OCF,,,,
171,F2HCO,,*OC(F)F,,,,
172,HF2CO,*OC(F)F,*OC(F)F,718,1,,
173,F3CO,*OC(F)(F)F,*OC(F)(F)F,141,8,,
174,CF3O,*C#FO(F)F,*OC(F)(F)F,574,1,,
175,,,,,,,
176,OC2F5,,*OC(F)(F)C(F)(F)F,,,,
177,,,,,,,
178,C2F5O,,*OC(F)(F)C(F)(F)F,,,,
179,F5C2O,,*OC(F)(F)C(F)(F)F,,,,
180,,,,,,,
181,OPh,*OC1=CC=CC=C1,*OC1=CC=CC=C1,92,17,,
182,PhO,,*OC1=CC=CC=C1,,,,
183,,,,,,,
184,OBn,*OCC1=CC=CC=C1,*OCC1=CC=CC=C1,22,84,,
185,BnO,*OCCCC,*OCC1=CC=CC=C1,275,3,,
186,,,,,,,
187,SPh,*SC1=CC=CC=C1,*SC1=CC=CC=C1,214,4,,
188,PhS,*SC1=CC=CC=C1,*SC1=CC=CC=C1,320,2,,
189,,,,,,,
190,SBn,,*SCC1=CC=CC=C1,,,,
191,BnS,,*SCC1=CC=CC=C1,,,,
192,,,,,,,
193,SMe,*SC,*SC,201,5,,
194,SEt,*SCC,*SCC,293,3,,
195,SPr,,*SCCC,,,,
196,SBu,,*SCCCC,,,,
197,,,,,,,
198,MeS,*SC,*SC,226,4,,
199,EtS,,*SCC,,,,
200,PrS,,*SCCC,,,,
201,BuS,*SCCCC,*SCCCC,477,1,,
202,,,,,,,
203,SCH3,*SC,*SC,194,5,,
204,SC2H5,,*SCC,,,,
205,SC3H7,,*SCCC,,,,
206,SC4H9,,*SCCCC,,,,
207,,,,,,,
208,CH3S,*CS,*SC,278,3,,
209,C2H5S,,*SCC,,,,
210,C3H7S,,*SCCC,,,,
211,C4H9S,,*SCCCC,,,,
212,,,,,,,
213,H3CS,*SC,*SC,223,4,,
214,H5C2S,,*SCC,,,,
215,H7C3S,,*SCCC,,,,
216,H9C4S,,*SCCCC,,,,
217,,,,,,,
218,CHO,*C=O,*C=O,39,43,,
219,OHC,*OC,*C=O,69,24,,
220,,,,,,,
221,Ac,*C(C)=O,*C(=O)C,67,24,,
222,,,,,,,
223,COOH,*C(=O)O,*C(=O)O,9,407,,
224,CO2H,*C(=O)O,*C(=O)O,11,351,,
225,HOOC,*OC=O,*C(=O)O,21,98,,
226,HO2C,*C(=O)O,*C(=O)O,190,5,,
227,,,,,,,
228,COO-,*C(=O)[O-],*C(=O)[O-],152,7,,
229,CO2-,*C(=O)[O-],*C(=O)[O-],124,10,,
230,-OOC,,*C(=O)[O-],,,,
231,-O2C,,*C(=O)[O-],,,,
232,,,,,,,
233,COOMe,*C(=O)OC,*C(=O)OC,80,20,,
234,CO2Me,*C(=O)OC,*C(=O)OC,25,59,,
235,MeOOC,*C(=O)OC,*C(=O)OC,566,1,,
236,MeO2C,*C(=O)OC,*C(=O)OC,326,2,,
237,,,,,,,
238,COOEt,*C(=O)OCC,*C(=O)OCC,79,20,,
239,CO2Et,*C(=O)OCC,*C(=O)OCC,35,46,,
240,EtOOC,*C(=O)OCC,*C(=O)OCC,430,1,,
241,EtO2C,*C(=O)OCC,*C(=O)OCC,463,1,,
242,,,,,,,
243,COOCH3,*C(=O)OC,*C(=O)OC,96,15,,
244,CO2CH3,*C(=O)OC,*C(=O)OC,109,12,,
245,COOC2H5,*C(=O)OCC,*C(=O)OCC,763,1,,
246,CO2C2H5,,*C(=O)OCC,,,,
247,,,,,,,
248,H3COOC,*COC=O,*C(=O)OC,126,10,,
249,H3CO2C,*COC=O,*C(=O)OC,158,6,,
250,H5C2OOC,,*C(=O)OCC,,,,
251,H5C2O2C,,*C(=O)OCC,,,,
252,,,,,,,
253,OAc,*OC(C)=O,*OC(C)=O,27,55,,
254,AcO,*OC(C)=O,*OC(C)=O,119,11,,
255,,,,,,,
256,SAc,*SC(C)=O,*SC(=O)C,279,3,,
257,AcS,,*SC(C)=O,,,,
258,,,,,,,
259,NHMe,*NC,*NC,198,5,,
260,MeNH,*NC,*NC,562,1,,
261,,,,,,,
262,NHCH3,*NC,*NC,351,2,,
263,H3CHN,*CN,*NC,434,1,,
264,,,,,,,
265,N(Me)2,*N(C)C,*N(C)C,113,12,,
266,NMe2,*N(C)C,*N(C)C,83,19,,
267,(Me)2N,,*N(C)C,,,,
268,Me2N,*N(C)C,*N(C)C,180,5,,
269,,,,,,,
270,N(CH3)2,*N(C)C,*N(C)C,104,14,,
271,(CH3)2N,,*N(C)C,,,,
272,,,,,,,
273,NHEt,*NCC,*NCC,264,3,,
274,EtHN,*NCC,*NCC,556,1,,
275,,,,,,,
276,N(Et)2,,*N(CC)CC,,,,
277,NEt2,*N(CC)CC,*N(CC)CC,265,3,,
278,(Et)2N,,*N(CC)CC,,2,,
279,Et2N,*N(CC)CC,*N(CC)CC,325,2,,
280,,,,,,,
281,N(C2H5)2,*N(CC)CC,*N(CC)CC,136,8,,
282,N(CH2CH3)2,*N(CC)CC,*N(CC)CC,55,34,,
283,,,,,,,
284,(C2H5)2N,*N(CC)CC,*N(CC)CC,146,7,,
285,(H5C2)2N,*N(CC)CC,*N(CC)CC,224,4,,
286,(CH3CH2)2N,*N(CC)CC,*N(CC)CC,59,31,,
287,,,,,,,
288,NHAc,*NC(C)=O,*NC(C)=O,87,19,,
289,AcHN,*NC(C)=O,*NC(C)=O,138,8,,
290,,,,,,,
291,N3,*N=[N+]=[N-],*N=[N+]=[N-],19,120,,
292,,,,,,,
293,CN,*C#N,*C#N,3,1493,,
294,NC,*[N+]#[C-],*C#N,4,909,cyano more abundant than isocyano,
295,,,,,,,
296,OCN,*OC#N,*OC#N,53,35,,
297,NCO,*N=C=O,*N=C=O,40,43,Isocyanate ester more abundant than cyanate ester,
298,,,,,,,
299,NCS,*N=C=S,*N=C=S,168,6,Isothiocyanate ester as abundant as thiocyanate ester â€¦ 50% chance that abbreviation is correct,
300,SCN,,*N=C=S,,,,
301,,,,,,,
302,NO2,*[N+](=O)[O-],*[N+](=O)[O-],8,416,,
303,O2N,*[N+](=O)[O-],*[N+](=O)[O-],12,229,,
304,,,,,,,
305,SO2,*S(*)(=O)=O,*S(*)(=O)=O,43,43,,
306,O2S,*S(*)(=O)=O,*S(*)(=O)=O,252,3,,
307,,,,,,,
308,SO2Cl,*S(=O)(=O)Cl,*S(=O)(=O)[Cl],292,3,,
309,ClO2S,*Cl[SH](=O)=O,*S(=O)(=O)[Cl],64,27,,
310,,,,,,,
311,SO2Me,*S(C)(=O)=O,*S(=O)(=O)C,48,39,,
312,SO2Et,*S(=O)(=O)CC,*S(=O)(=O)CC,290,3,,
313,,,,,,,
314,MeO2S,*S(C)(=O)=O,*S(=O)(=O)C,752,1,,
315,EtO2S,,*S(=O)(=O)CC,,,,
316,,,,,,,
317,SO2CH3,*S(C)(=O)=O,*S(=O)(=O)C,73,22,,
318,H3CO2S,*C[SH](=O)=O,*S(=O)(=O)C,635,1,,
319,,,,,,,
320,SO2CF3,*S(=O)(=O)C(F)(F)F,*S(=O)(=O)C(F)(F)F,61,28,,
321,F3CO2S,,*S(=O)(=O)C(F)(F)F,,,,
322,,,,,,,
323,SO2Ph,*S(=O)(=O)C1=CC=CC=C1,*S(=O)(=O)C1=CC=CC=C1,128,10,,
324,PhO2S,,*S(=O)(=O)C1=CC=CC=C1,,,,
325,,,,,,,
326,SO3H,*S(=O)(=O)O,*S(=O)(=O)O,38,44,,
327,HO3S,*[SH](=O)([O-])[O-],*S(=O)(=O)O,258,3,,
328,,,,,,,
329,SO3-,*S(=O)(=O)[O-],*S(=O)(=O)[O-],97,15,,
330,-O3S,,*S(=O)(=O)[O-],,,,
331,,,,,,,
332,OSO3H,*OS(=O)(=O)O,*OS(=O)(=O)O,112,12,,
333,HO3SO,*[H]OS(=O)(=O)O,*OS(=O)(=O)O,377,2,,
334,,,,,,,
335,OSO3-,,*OS(=O)(=O)[O-],,,,
336,-O3SO,,*OS(=O)(=O)[O-],,,,
337,,,,,,,
338,COOtBu,,*C(=O)OC(C)(C)C,,,,
339,COOt-Bu,,*C(=O)OC(C)(C)C,,,,
340,CO2tBu,*C(=O)OC(C)(C)C,*C(=O)OC(C)(C)C,111,12,,
341,CO2t-Bu,*C(=O)OC(C)(C)C,*C(=O)OC(C)(C)C,747,1,,
342,tBuOOC,,*C(=O)OC(C)(C)C,,,,
343,t-BuOOC,,*C(=O)OC(C)(C)C,,,,
344,tBuO2C,,*C(=O)OC(C)(C)C,,,,
345,t-BuO2C,,*C(=O)OC(C)(C)C,,,,
346,,,,,,,
347,Boc,*C(=O)OC(C)(C)C,*C(=O)OC(C)(C)C,6,443,,
348,,,,,,,
349,CO2C(CH3)3,*C(=O)OC(C)(C)C,*C(=O)OC(C)(C)C,225,4,,
350,,,,,,,
351,OBoc,*OC(=O)OC(C)(C)C,*OC(=O)OC(C)(C)C,303,2,,
352,BocO,,*OC(=O)OC(C)(C)C,,,,
353,,,,,,,
354,NHBoc,*NC(=O)OC(C)(C)C,*NC(=O)OC(C)(C)C,18,122,,
355,BocHN,*NC(=O)OC(C)(C)C,*NC(=O)OC(C)(C)C,148,7,,
356,,,,,,,
357,NBoc,*N(*)C(=O)OC(C)(C)C,*N(*)C(=O)OC(C)(C)C,29,54,,
358,BocN,*N(*)C(=O)OC(C)(C)C,*N(*)C(=O)OC(C)(C)C,163,6,,
359,,,,,,,
360,NBoc2,,*N(C(=O)OC(C)(C)C)C(=O)OC(C)(C)C,,,,
361,N(Boc)2,*N(C(=O)OC(C)(C)C)C(=O)OC(C)(C)C,*N(C(=O)OC(C)(C)C)C(=O)OC(C)(C)C,191,5,,
362,,,,,,,
363,Boc2N,*N(C(=O)OC(C)(C)C)C(=O)OC(C)(C)C,*N(C(=O)OC(C)(C)C)C(=O)OC(C)(C)C,182,5,,
364,(Boc)2N,*N(C(=O)OC(C)(C)C)C(=O)OC(C)(C)C,*N(C(=O)OC(C)(C)C)C(=O)OC(C)(C)C,462,1,,
365,,,,,,,
366,BOC,*BC=O,*C(=O)OC(C)(C)C,75,21,Boc,
367,,,,,,,
368,OBOC,*OC(=O)OC(C)(C)C,*OC(=O)OC(C)(C)C,498,1,,
369,BOCO,,*OC(=O)OC(C)(C)C,,,,
370,,,,,,,
371,NHBOC,*NB(C)O,*NC(=O)OC(C)(C)C,762,1,Boc,
372,BOCHN,*NC(=O)OC(C)(C)C,*NC(=O)OC(C)(C)C,492,1,,
373,,,,,,,
374,NBOC,,*N(*)C(=O)OC(C)(C)C,,,,
375,BOCN,*B(*)OC#N,*N(*)C(=O)OC(C)(C)C,785,1,Boc,
376,,,,,,,
377,NBOC2,,*N(C(=O)OC(C)(C)C)C(=O)OC(C)(C)C,,,,
378,N(BOC)2,,*N(C(=O)OC(C)(C)C)C(=O)OC(C)(C)C,,,,
379,,,,,,,
380,BOC2N,*N(C(=O)OC(C)(C)C)C(=O)OC(C)(C)C,*N(C(=O)OC(C)(C)C)C(=O)OC(C)(C)C,503,1,,
381,(BOC)2N,,*N(C(=O)OC(C)(C)C)C(=O)OC(C)(C)C,,,,
382,,,,,,,
383,B(OH)2,*B(O)O,*B(O)O,23,77,,
384,(HO)2B,*OBO,*B(O)O,82,19,,
385,(OH)2B,*OBO,*B(O)O,429,1,,
386,,,,,,,
387,Piv,,*C(=O)C(C)(C)C,,,pivaloyl,
388,,,,,,,
389,Tf,,*S(=O)(=O)C(F)(F)F,,,trifluoromethanesulfony,
390,,,,,,,
391,Bz,*C(=O)C1=CC=CC=C1,*C(=O)C1=CC=CC=C1,122,11,benzoyl,
392,,,,,,,
393,Ms,*S(C)(=O)=O,*S(=O)(=O)C,204,5,methanesulfonyl,
394,,,,,,,
395,Ts,*S(=O)(=O)C1=CC=C(C)C=C1,*S(=O)(=O)C1=CC=C(C)C=C1,66,26,toluenesulfonyl,
396,Tos,*S(=O)(=O)C1=CC=C(C)C=C1,*S(=O)(=O)C1=CC=C(C)C=C1,154,7,,
397,,,,,,,
398,Trt,*1=*C=CC=C1,*C(C1=CC=CC=C1)(C2=CC=CC=C2)C3=CC=CC=C3,106,13,triphenylmethyl,
399,Tr,,*C(C1=CC=CC=C1)(C2=CC=CC=C2)C3=CC=CC=C3,,,triphenylmethyl,
400,,,,,,,
401,Cbz,*C(=O)OCC1=CC=CC=C1,*C(=O)OCC1=CC=CC=C1,49,37,carbobenzyloxy,
402,,,,,,,
403,Fmoc,*C(*)=O,*CC(=O)OCC1C3C(C2C1C=CC=C2)C=CC=C3,100,14,fluorenylmethoxycarbonyl,
404,,,,,,,
405,PMB,*CC1=CC=C(OC)C=C1,*CC1=CC=C(OC)C=C1,56,33,p-methoxybenzyl,
406,,,,,,,
407,OPiv,*OC(=O)C(C)(C)C,*OC(=O)C(C)(C)C,135,9,,
408,PivO,,*OC(=O)C(C)(C)C,,,,
409,,,,,,,
410,OTf,*OS(=O)(=O)C(F)(F)F,*OS(=O)(=O)C(F)(F)F,127,10,,
411,TfO,*OS(=O)(=O)C(F)(F)F,*OS(=O)(=O)C(F)(F)F,552,1,,
412,,,,,,,
413,OBz,*OC(=O)C1=CC=CC=C1,*OC(=O)C1=CC=CC=C1,145,8,,
414,BzO,*OC(=O)C1=CC=CC=C1,*OC(=O)C1=CC=CC=C1,516,1,,
415,,,,,,,
416,OMs,*OS(C)(=O)=O,*OS(=O)(=O)C,131,10,,
417,MsO,*OS(=O)(=O)C,*OS(=O)(=O)C,507,1,,
418,,,,,,,
419,OTs,*OS(=O)(=O)C1=CC=C(C)C=C1,*OS(=O)(=O)C1=CC=C(C)C=C1,123,11,,
420,TsO,,*OS(=O)(=O)C1=CC=C(C)C=C1,,,,
421,OTos,*OS(=O)(=O)C1=CC=C(C)C=C1,*OS(=O)(=O)C1=CC=C(C)C=C1,176,5,,
422,TosO,,*OS(=O)(=O)C1=CC=C(C)C=C1,,,,
423,,,,,,,
424,OPMB,*OCC1=CC=C(OC)C=C1,*OCC1=CC=C(OC)C=C1,132,10,,
425,PMBO,*OCC1=CC=C(OC)C=C1,*OCC1=CC=C(OC)C=C1,298,2,,
426,,,,,,,
427,CONH2,*C(N)=O,*C(=O)N,63,27,,
428,H2NOC,*NC=O,*C(=O)N,101,14,,
429,,,,,,,
430,SO2NH2,*S(N)(=O)=O,*S(=O)(=O)N,89,18,,
431,H2NO2S,*N[SH](=O)=O,*S(=O)(=O)N,192,5,,
432,,,,,,,
433,CH2OH,*CO,*CO,72,23,,
434,HOH2C,*[H]CO,*CO,336,2,,
435,,,,,,,
436,MOM,,*COC,,,methoxymethyl,
437,,,,,,,
438,OMOM,*OCOC,*OCOC,189,5,,
439,MOMO,,*OCOC,,,,
440,,,,,,,
441,NHOH,*NO,*NO,93,17,,
442,HOHN,,*NO,,,,
443,,,,,,,
444,NHCbz,*NC(=O)OCC1=CC=CC=C1,*NC(=O)OCC1=CC=CC=C1,173,6,,
445,CbzHN,*NC(=O)OCC1=CC=CC=C1,*NC(=O)OCC1=CC=CC=C1,706,1,,
446,,,,,,,
447,NHPh,*NC1=CC=CC=C1,*NC1=CC=CC=C1,423,1,,
448,PhHN,*NC1=CC=CC=C1,*NC1=CC=CC=C1,413,1,,
449,,,,,,,
450,NPh2,*N(C1=CC=CC=C1)C1=CC=CC=C1,*N(C1=CC=CC=C1)C2=CC=CC=C2,196,5,,
451,Ph2N,,*N(C1=CC=CC=C1)C2=CC=CC=C2,,,,
452,,,,,,,
453,NHBn,*NCC1=CC=CC=C1,*NCC1=CC=CC=C1,228,4,,
454,BnHN,,*NCC1=CC=CC=C1,,,,
455,,,,,,,
456,NHBz,*NC(=O)C1=CC=CC=C1,*NC(=O)C1=CC=CC=C1,289,3,,
457,BzHN,,*NC(=O)C1=CC=CC=C1,,,,
458,,,,,,,
459,NHPMB,*NCC1=CC=C(OC)C=C1,*NCC1=CC=C(OC)C=C1,431,1,,
460,PMBHN,,*NCC1=CC=C(OC)C=C1,,,,
461,,,,,,,
462,NPMB2,*C*=C*=*OC,*N(CC1=CC=C(OC)C=C1)CC2=CC=C(OC)C=C2,284,3,,
463,PMB2N,,*N(CC1=CC=C(OC)C=C1)CC2=CC=C(OC)C=C2,,,,
464,,,,,,,
465,(CH2),*C,*C*,167,6,,
466,(CH2)2,*CC*,*CC*,60,31,,
467,(CH2)3,*CCC*,*CCC*,77,21,,
468,(CH2)4,*CCCC*,*CCCC*,91,17,,
469,(CH2)5,*CCCCC*,*CCCCC*,281,3,,
470,(CH2)6,*CCCCCC*,*CCCCCC*,94,16,,
471,(CH2)7,*CCCCCCC*,*CCCCCCC*,150,7,,
472,(CH2)8,*CCCCCCCC*,*CCCCCCCC*,155,7,,
473,(CH2)9,,*CCCCCCCCC*,,,,
474,(CH2)10,*CCCCCCCCCC*,*CCCCCCCCCC*,171,6,,
475,(CH2)11,*CCCCCCCCCCC*,*CCCCCCCCCCC*,647,1,,
476,(CH2)12,*CCCCCCCCCCCC*,*CCCCCCCCCCCC*,272,3,,
477,(CH2)13,*CCCCCCCCCCCCC*,*CCCCCCCCCCCCC*,741,1,,
478,(CH2)14,,*CCCCCCCCCCCCCC*,,,,
479,(CH2)15,,*CCCCCCCCCCCCCCC*,,,,
480,(CH2)16,,*CCCCCCCCCCCCCCCC*,,,,
481,(CH2)17,,*CCCCCCCCCCCCCCCCC*,,,,
482,(CH2)18,*CCC*,*CCCCCCCCCCCCCCCCCC*,371,2,,
483,(CH2)19,,*CCCCCCCCCCCCCCCCCCC*,,,,
484,(CH2)20,,*CCCCCCCCCCCCCCCCCCCC*,,,,
485,,,,,,,
486,CH2,,*C*,,,,
487,C2H4,*CC*,*CC*,206,5,,
488,C3H6,*CCC*,*CCC*,199,5,,
489,C4H8,*CCCC*,*CCCC*,367,2,,
490,,,,,,,
491,CH2CH2,*CC*,*CC*,169,6,,
492,CH2CH2CH2,*CCC*,*CCC*,567,1,,
493,CH2CH2CH2CH2,*CCCC*,*CCCC*,181,5,,
494,,,,,,,
495,CO,*C(*)=O,*C(*)=O,71,23,,
496,OC,*C(*)=O,*C(*)=O,149,7,,
497,,,,,,,
498,CH2O,*CO*,*CO*,98,15,,
499,OCH2,*CO*,*OC*,241,3,,
500,,,,,,,
501,COO,*OC(*)=O,*C(=O)O*,76,21,COO-,*C(=O)[O-]
502,CO2,,*C(=O)O*,,,CO2-,*C(=O)[O-]
503,OOC,*COO*,*OC(=O)*,102,14,-OOC,*C(=O)[O-]
504,O2C,*OC(*)=O,*OC(=O)*,235,4,-O2C,*C(=O)[O-]
505,,,,,,,
506,NMe,*N(*)C,*N(*)C,105,14,,
507,MeN,*N(*)C,*N(*)C,527,1,,
508,,,,,,,
509,NCH3,*N(*)C,*N(*)C,312,2,,
510,,,,,,,
511,NCbz,*N(*)C(=O)OCC1=CC=CC=C1,*N(*)C(=O)OCC1=CC=CC=C1,175,5,,
512,CbzN,,*N(*)C(=O)OCC1=CC=CC=C1,,,,
513,,,,,,,
514,NPMB,,*N(*)CC1=CC=C(OC)C=C1,,,,
515,PMBN,*N(*)CC1=CC=C(OC)C=C1,*N(*)CC1=CC=C(OC)C=C1,57,33,,
516,,,,,,,
517,NAc,*N(*)C(C)=O,*N(*)C(=O)C,217,4,,
518,AcN,,*N(*)C(=O)C,,,,
519,,,,,,,
520,NBn,*N(*)CC1=CC=CC=C1,*N(*)CC1=CC=CC=C1,257,3,,
521,BnN,*N(*)CC1=CC=CC=C1,*N(*)CC1=CC=CC=C1,161,6,,
522,,,,,,,
523,SiMe3,*[Si](C)(C)C,*[Si](C)(C)C,354,2,,
524,Me3Si,,*[Si](C)(C)C,,,,
525,,,,,,,
526,SiEt3,*[Si](CC)(CC)CC,*[Si](CC)(CC)CC,620,1,,
527,Et3Si,,*[Si](CC)(CC)CC,,,,
528,,,,,,,
529,Si(CH3)3,*[Si](C)(C)C,*[Si](C)(C)C,95,16,,
530,(CH3)3Si,*C[SiH](C)C,*[Si](C)(C)C,221,4,,
531,(H3C)3Si,,*[Si](C)(C)C,,,,
532,,,,,,,
533,Si(OMe)3,*[Si](OC)(OC)OC,*[Si](OC)(OC)OC,332,2,,
534,(MeO)3Si,*O(C)[SiH](OC)OC,*[Si](OC)(OC)OC,660,1,,
535,,,,,,,
536,Si(OEt)3,*[Si](OCC)(OCC)OCC,*[Si](OCC)(OCC)OCC,170,6,,
537,(EtO)3Si,*O(CC)[SiH](OCC)OCC,*[Si](OCC)(OCC)OCC,379,2,,
538,,,,,,,
539,Si(OCH3)3,**(OC)(OC)OC,*[Si](OC)(OC)OC,218,4,,
540,(H3CO)3Si,*O(C)[SiH](OC)OC,*[Si](OC)(OC)OC,285,3,,
541,,,,,,,
542,TBS,*[Si](C)(C)C(C)(C)C,*[Si](C)(C)C(C)(C)C,121,11,tert-butyldimethylsilyl,
543,,,,,,,
544,OTBS,*O[Si](C)(C)C(C)(C)C,*O[Si](C)(C)C(C)(C)C,42,43,,
545,TBSO,*O[Si](C)(C)C(C)(C)C,*O[Si](C)(C)C(C)(C)C,596,1,,
546,,,,,,,
547,TMS,*[Si](C)(C)C,*[Si](C)(C)C,70,23,trimethylsilyl,
548,,,,,,,
549,TBDMS,*[Si](C)(C)C(C)(C)C,*[Si](C)(C)C(C)(C)C,159,6,tert-butyldimethylsilyl,
550,,,,,,,
551,TBDPS,C*C,*[Si](C(C)(C)C)(C1=CC=CC=C1)C2=CC=CC=C2,346,2,tert-butyldiphenylsilyl,
552,,,,,,,
553,TIPS,*[Si](C(C)C)(C(C)C)C(C)C,*[Si](C(C)C)(C(C)C)C(C)C,392,2,triisopropylsilyl,
554,,,,,,,
555,OTBDMS,*O[Si](C)(C)C(C)(C)C,*O[Si](C)(C)C(C)(C)C,129,10,,
556,TBDMSO,,*O[Si](C)(C)C(C)(C)C,,,,
557,,,,,,,
558,OTBDPS,C*(C)C,*O[Si](C(C)(C)C)(C1=CC=CC=C1)C2=CC=CC=C2,203,5,,
559,TBDPSO,,*O[Si](C(C)(C)C)(C1=CC=CC=C1)C2=CC=CC=C2,,,,
560,,,,,,,
561,SEM,*COCC[Si](C)(C)C,*COCC[Si](C)(C)C,37,44,2-(trimethylsilyl)ethoxymethyl,
562,,,,,,,
563,BF2,*B(*)(F)F,*B(F)F,139,8,,
564,F2B,,*B(F)F,,,,
565,,,,,,,
566,SF5,*S(F)(F)(F)(F)F,*S(F)(F)(F)(F)F,151,7,,
567,F5S,*S(F)(F)(F)(F)F,*S(F)(F)(F)(F)F,162,6,,
568,,,,,,,
569,,,,,,,
570,,,,,,,
571,,,,,,,
572,,,,,,,
573,(CH),*C,*C,13,174,,
574,N,*N*,,17,144,,
575,(H2C),*C,*C,31,50,,
576,(NH),*N,*N,44,42,,
577,ONa,*O[Na],*O[Na],50,37,,
578,(N),*N*,*N*,99,15,,
579,PPh2,*P(C1=CC=CC=C1)C1=CC=CC=C1,*P(C1=CC=CC=C1)C2=CC=CC=C2,108,13,,
580,THP,*C1CCCCO1,,107,13,tetrahydropyran,
581,OCH2CO2Et,*OCC(=O)OCC,*OCC(=O)OCC,115,12,,
582,CH2CH2CH2CH,*CCCC(*)*,*CCCC(*)*,114,12,,
583,OCH2CO2H,*OCC(=O)O,*OCC(=O)O,116,11,,
584,NaO,*[Na]O,*O[Na],117,11,,
585,(H2C)8,*CCCCCCCC*,*CCCCCCCC*,118,11,,
586,SO3Na,*S(=O)(=O)O[Na],*S(=O)(=O)O[Na],134,9,,
587,SO2CF2H,*S(=O)(=O)C(F)F,*S(=O)(=O)C(F)F,143,8,,
588,OCO,*OCO*,*OC(=O)*,142,8,,
589,(H2C)4,*CCCC*,*CCCC*,137,8,,
590,OTHP,*OC1CCCCO1,,144,8,THP is tetrahydropyran,
591,CH2OMe,*COC,*COC,147,7,,
592,(CH2)4CH3,*CCCCC,*CCCCC,153,7,,
593,CO2CH2CH3,*C(=O)OCC,*C(=O)OCC,156,7,,
594,OSO3Na,*OS(=O)(=O)O[Na],*OS(=O)(=O)O[Na],165,6,,
595,(CH2)9CH3,*CCCCCCCCCC,*CCCCCCCCCC,166,6,,
596,(HC),*C*,*C*,172,6,,
597,(CF2)8H,*C(F)(F)C(F)(F)C(F)F,*C(F)(F)C(F)(F)C(F)(F)C(F)(F)C(F)(F)C(F)(F)C(F)(F)C(F)(F),160,6,,
598,COONa,*C(=O)O[Na],*C(=O)O[Na],157,6,,
599,O(CH2)3CH3,*OCCCC,*OCCCC,174,5,,
600,OCH2Ph,*OCC1=CC=CC=C1,*OCC1=CC=CC=C1,178,5,,
601,OCOCH3,*OC(C)=O,*OC(=O)C,185,5,,
602,NHSO2CH3,*NS(C)(=O)=O,*NS(=O)(=O)C,207,5,,
603,NHNH2,*NN,*NN,179,5,,
604,NHCO2Me,*NC(=O)OC,*NC(=O)OC,195,5,,
605,(CH2)12CH3,*CCCCCCCCCCCCC,*CCCCCCCCCCCCC,188,5,,
606,CF2,*C(F)F,*C(F)(F)*,205,5,,
607,CO2Bn,*C(=O)OCC1=CC=CC=C1,*C(=O)OCC1=CC=CC=C1,200,5,,
608,ZrCl2,*[Zr](*)(Cl)Cl,*[Zr](*)(Cl)Cl,197,5,,
609,PPh3,*1=*C=CC=C1,,177,5,triphenylphosphine,
610,SO2NH,**S(*)(=O)=O,*S(=O)(=O)N*,237,4,,
611,(O)2S,*OSO*,*S(=O)(=O)*,229,4,,
612,NaO3SO,*[Na]OS(=O)(=O)O,*OS(=O)(=O)O[Na],227,4,,
613,OLi,*O[Li],*O[Li],231,4,,
614,OK,*O[K],*O[K],213,4,,
615,NHSO2Et,*NS(=O)(=O)CC,*NS(=O)(=O)CC,208,4,,
616,NHCOCH3,*NC(C)=O,*NC(=O)C,215,4,,
617,NSO2Ph,*N(*)S(=O)(=O)C1=CC=CC=C1,*N(*)S(=O)(=O)C1=CC=CC=C1,233,4,,
618,CH2NH2,*CN,*CN,219,4,,
619,CH2(CH2)4CH3,**CCCCC,*CCCCCC,209,4,,
620,CHCH2,*CC,*CC,210,4,,
621,CH3CH2,*C=C,*CC,232,4,,
622,CH(CH3)2,*C(C)C,*C(C)C,220,4,,
623,COOBn,*C(=O)OCC1=CC=CC=C1,*C(=O)OCC1=CC=CC=C1,236,4,,
624,CONHMe,*C(=O)NC,*C(=O)NC,222,4,,
625,COCOOCH2CH3,*C(=O)C(=O)OCC,*C(=O)C(=O)OCC,211,4,,
626,,*C(*)=O,,234,4,,
627,SnBu3,*[Sn](CCCC)(CCCC)CCCC,*[Sn](CCCC)(CCCC)CCCC,216,4,,
628,CHOH,**(*)O,,230,4,,
629,SO2NHOH,*S(=O)(=O)NO,*S(=O)(=O)NO,240,3,,
630,S(O)2CH3,*S(C)(=O)=O,*S(=O)(=O)C,266,3,,
631,SO3,*S(=O)(=O)[O-],*S(=O)(=O)[O-],256,3,,
632,PC,*PC,*PC,280,3,,
633,P(OEt)2,*P(OCC)OCC,*P(OCC)OCC,259,3,,
634,Ph2P,*P(C1=CC=CC=C1)C1=CC=CC=C1,*P(C1=CC=CC=C1)C2=CC=CC=C2,245,3,,
635,PO3H2,*P(=O)(O)O,*P(=O)(O)O,286,3,,
636,OP,*OP,*OP,255,3,,
637,OCH2CF3,*OCC(F)(F)F,*OCC(F)(F)F,254,3,,
638,O(i-Pr),*OC(C)C,*OC(C)C,243,3,,
639,H3COCO,*COC=O,*OC(=O)C,242,3,,
640,OSiEt3,*O[Si](CC)(CC)CC,*O[Si](CC)(CC)CC,287,3,,
641,OCH,*O*(*)*,,291,3,,
642,NHNHCOCH3,*NNC(C)=O,*NNC(=O)C,244,3,,
643,CH2SH,*CS,*CS,253,3,,
644,(CH2CH2O)4H,*CCOCCOCCOCCO,*CCOCCOCCOCCO,283,3,,
645,CH3(CH2)10CH2,*CCCCCCCCCCCC,*CCCCCCCCCCCC,263,3,,
646,(CH2)10CH3,*CCCCCCCCCCC,*CCCCCCCCCCC,288,3,,
647,(CH2)3CH3,*CCCC,*CCCC,261,3,,
648,CHCH2CH2,*CCC,*CCC,250,3,,
649,CH2CN,*CC#N,*CC#N,262,3,,
650,CF2CF3,*C(F)(F)C(F)(F)F,*C(F)(F)C(F)(F)F,270,3,,
651,CO2Ph,*C(=O)OC1=CC=CC=C1,*C(=O)OC1=CC=CC=C1,273,3,,
652,CONH,*C(N)=O,*C(=O)N*,268,3,,
653,Si(i-Pr)3,*[Si](C(C)C)(C(C)C)C(C)C,*[Si](C(C)C)(C(C)C)C(C)C,238,3,,
654,N+H,*[NH+](*)*,*[NH+](*)*,269,3,,
655,MgBr,*[Mg]Br,*[Mg]Br,260,3,,
656,SiO,**(*)(*)(*)=O,,274,3,,
657,OQ,*OC,,251,3,,
658,Cl,*Cl,,276,3,,
659,CH3(CH2)9S,*CCCCCS(=C)CCCC,*SCCCCCCCCCC,383,2,,
660,SOCH3,*S(C)=O,*S(=O)C,322,2,,
661,SO3K,*S(=O)(=O)O[K],*S(=O)(=O)OK,372,2,,
662,SO2N3,*S(=O)(=O)N=[N+]=[N-],*S(=O)(=O)N=[N+]=[N-],339,2,,
663,SO2CH2F,*S(=O)(=O)CF,*S(=O)(=O)CF,299,2,,
664,S2,*S(*)=S,,360,2,,
665,PPPO,*PPP=O,,347,2,,
666,PPh3Br,Br**1=*C=CC=C1,*P(C1=CC=CC=C1)(C2=CC=CC=C2)(C3=CC=CC=C3)[Br],375,2,,
667,PO(OH)2,*P(=O)(O)O,*P(=O)(O)O,369,2,,
668,OSO2NH2,*OS(N)(=O)=O,*OS(=O)(=O)N,368,2,,
669,OSO2CF3,*OS(=O)(=O)C(F)(F)F,*OS(=O)(=O)C(F)(F)F,386,2,,
670,OC10H21,*OCCCCCCCCCC,*OCCCCCCCCCC,313,2,,
671,OC6H13,*OCCCCCC,*OCCCCCC,309,2,,
672,O(CH2)3,*OCCC,*OCCC*,300,2,,
673,OCH2CH2CH3,*OCCC,*OCCC,395,2,,
674,OHCO,*OC=O,*OC=O,344,2,,
675,OCHO,*OC=O,*OC=O,355,2,,
676,CF2O,*OC(*)(F)F,*C(F)(F)O*,366,2,,
677,OSi(CH3)3,*O[Si](C)(C)C,*O[Si](C)(C)C,359,2,,
678,ONO2,*O[N+](=O)[O-],*O[N+](=O)[O-],396,2,,
679,NHTs,*NS(=O)(=O)C1=CC=C(C)C=C1,*NS(=O)(=O)C1=CC=C(C)C=C1,399,2,,
680,NHSO2Me,*NS(C)(=O)=O,*NS(=O)(=O)C,364,2,,
681,NHFmoc,*OC(*)=O,*NCC(=O)OCC1C3C(C2C1C=CC=C2)C=CC=C3,388,2,,
682,NTrt,*1=CC=CC=C1,*N(*)C(C1=CC=CC=C1)(C2=CC=CC=C2)C3=CC=CC=C3,302,2,,
683,NO,*N=O,*N=O,316,2,,
684,Arg,*N[C@@H](CCCNC(=N)N)C(*)=O,,350,2,,
685,NCH3COCH3,*N(C)C(C)=O,*N(C)C(C)=O,345,2,,
686,NSEM,*N(*)COCC[Si](C)(C)C,*N(*)COCC[Si](C)(C)C,343,2,,
687,CH2OCOCH2CH2CF3,*COC(=O)CCC(F)(F)F,*COC(=O)CCC(F)(F)F,329,2,,
688,MeOH2C,*C(C)=O,*COC,327,2,,
689,CH2CH2O,*CCO*,*CCO*,308,2,,
690,CH2CH2OH,*CCO,*CCO,387,2,,
691,(CH2)3SO3H,**CCS(=O)(=O)O,*CCCS(=O)(=O)O,376,2,,
692,(CH2)18CH3,*CCCC,*CCCCCCCCCCCCCCCCCCC,310,2,,
693,(CH2)11CH3,*CCCCCCCCCCCC,*CCCCCCCCCCCC,348,2,,
694,H3C(H2C)9,*CCCCCCCCCC,*CCCCCCCCCC,297,2,,
695,(CH2)8CH3,*CCCCCCCCC,*CCCCCCCCC,382,2,,
696,H3C(H2C)4H2C,*CCCCCC,*CCCCCC,340,2,,
697,n-C5H11,*CCCCC,*CCCCC,341,2,,
698,CH2CH2CH2CH2CH3,*CCCCC,*CCCCC,357,2,,
699,CH2CH2CH2Si(OC2H5)3,*CCC[Si](OCC)(OCC)OCC,*CCC[Si](OCC)(OCC)OCC,311,2,,
700,CH2CH2C(O)OCH2CH3,*CCC(=O)OCC,*CCC(=O)OCC,317,2,,
701,(CH2)2CN,*CCC#N,*CCC#N,352,2,,
702,CH2CH2CH3,*CCC,*CCC,318,2,,
703,(CH2)2CH3,*CCC,*CCC,385,2,,
704,CH2Ph,*CC1=CC=CC=C1,*CC1=CC=CC=C1,349,2,,
705,CH2COOC2H5,*CC(=O)OCC,*CC(=O)OCC,328,2,,
706,COOCH2Ph,*C(=O)OCC1=CC=CC=C1,*C(=O)OCC1=CC=CC=C1,323,2,,
707,CONHEt,*C(=O)NCC,*C(=O)NCC,374,2,,
708,CONCO,*C(=O)N=C=O,*C(=O)N=C=O,301,2,,
709,CONMe2,*C(=O)N(C)C,*C(=O)N(C)C,393,2,,
710,(COCH2CH2CH2CH2CH2CH2O)H,*C(=O)CCCCCCO,*C(=O)CCCCCCO,353,2,,
711,COMe,*C(C)=O,*C(=O)C,370,2,,
712,ZnBr,*[Zn]Br,*[Zn]Br,398,2,,
713,SnMe3,*[Sn](C)(C)C,*[Sn](C)(C)C,331,2,,
714,PiPr3,*[PH](C(C)C)(C(C)C)C(C)C,*[PH](C(C)C)(C(C)C)C(C)C,362,2,,
715,N+,*[NH3+],*[NH3+],380,2,,
716,LiO,*[Li]O,*[Li]O,295,2,,
717,KO,*[K]O,*[K]O,394,2,,
718,O(CH2)4,**CCCO*,*OCCCC*,378,2,,
719,#NAME?,*[O-]C=O,,315,2,,
720,S4,*S(*)=S=S=S,,304,2,,
721,S,*[SH](*)*,,305,2,,
722,SO2NHCH2CH,**(*)CNS(*)(=O)=O,,319,2,,
723,H4NO3S,*S(=O)(=O)ON,,321,2,,
724,TFAH2N,*NC(=O)C(F)(F)F,,324,2,,
725,NHOTHP,*NOC1CCCCO1,,330,2,THP is tetrahydropyran,
726,C2F3,*C#C(F)(F)F,,333,2,,
727,PCy3,*1*CCCC1,,334,2,,
728,C8F17,F*(F)(F)(F)(F)(F)(F)(F)(F)F,,337,2,,
729,CO2CH2CH,*C(=O)OCC,,342,2,,
730,CH2CH,*CC,,358,2,,
731,C2F5,*C#C(F)(F)(F)(F)F,,361,2,,
732,(OH)2,*OO,,365,2,,
733,V9,*[V][V][V][V][V][V][V][V][V],,381,2,,
734,OCH3:,*O[CH],,384,2,,
735,V10,*[V][V][V][V][V][V][V][V][V][V],,390,2,,
736,N2BF4,*/N=N/B(F)(F)(F)F,,391,2,,
737,V11,**[V][V][V][V][V][V][V][V][V][V],,397,2,,
738,C3H6SO3,[*+]CCCS(=O)(=O)[O-],[*+]CCCS(=O)(=O)[O-],697,1,,
739,Cu(OAc)2,[*+][Cu-2]([*+])(OC(C)=O)OC(C)=O,[*+][Cu-2]([*+])(OC(C)=O)OC(C)=O,573,1,,
740,S(CH2)7CH3,*SCCCCCCCC,*SCCCCCCCC,656,1,,
741,CH3(CH2)7S,*CCCCS(=C)CCC,*SCCCCCCCC,715,1,,
742,SCH2CN,*SCC#N,*SCC#N,761,1,,
743,SCF3,*SC(F)(F)F,*SC(F)(F)F,723,1,,
744,SNa,*S[Na],*S[Na],628,1,,
745,SF4Cl,*S(F)(F)(F)(F)Cl,*S(F)(F)(F)(F)Cl,636,1,,
746,SOPh,*S(=O)C1=CC=CC=C1,*S(=O)C1=CC=CC=C1,433,1,,
747,SO3Li,*S(=O)(=O)O[Li],*S(=O)(=O)O[Li],736,1,,
748,HOHNO2S,*OS(N)(=O)=O,*S(=O)(=O)NO,770,1,,
749,SO2NHBoc,*S(=O)(=O)NC(=O)OC(C)(C)C,*S(=O)(=O)NC(=O)OC(C)(C)C,442,1,,
750,SO2NHCH3,*S(=O)(=O)NC,*S(=O)(=O)NC,749,1,,
751,(H3C)HNO2S,*CS(N)(=O)=O,*S(=O)(=O)NC,764,1,,
752,Me2NO2S,*S(C)(C)N(=O)=O,*S(=O)(=O)N(C)C,495,1,,
753,H2NSO2,*S(=O)(N)=O,*S(=O)(=O)N,491,1,,
754,SO2F,*S(=O)(=O)F,*S(=O)(=O)F,601,1,,
755,ClSO2,*S(=O)(=O)Cl,*S(=O)(=O)Cl,474,1,,
756,SO2(CH2)4SO3NH4,*S(=O)(=O)CCCCS(=O)(=O)ON,*S(=O)(=O)CCCCS(=O)(=O)ON,603,1,,
757,(S),*S,*S,662,1,,
758,PCy2,*P(C1CCCCC1)C1CCCCC1,*P(C1CCCCC1)C1CCCCC1,609,1,,
759,P(tBu)2,*P(C(C)(C)C)C(C)(C)C,*P(C(C)(C)C)C(C)(C)C,589,1,,
760,P(O)(OK)2,*P(=O)(O[K])O[K],*P(=O)(O[K])O[K],679,1,,
761,SO,*OS*,*OS*,604,1,,
762,OSO3,*OS(=O)(=O)O,*OS(=O)(=O)O,602,1,,
763,OSO2F,*OS(=O)(=O)F,*OS(=O)(=O)F,784,1,,
764,OSO2Ph,*OS(=O)(=O)c1ccccc1,*OS(=O)(=O)C1=CC=CC=C1,494,1,,
765,CBz,*CC(=O)C1=CC=CC=C1,*C(=O)OCC1=CC=CC=C1,373,2,Likely Cbz,
766,MeO2SO,*OS(=O)(=O)C,*OS(=O)(=O)C,501,1,,
767,OSO2CH3,*OS(C)(=O)=O,*OS(=O)(=O)C,550,1,,
768,OPCl2,*OP(Cl)Cl,*OP(Cl)Cl,743,1,,
769,OPO3H2,*OP(=O)(O)O,*OP(=O)(O)O,667,1,,
770,OPO3H-,*OP(=O)([O-])O,*OP(=O)([O-])O,673,1,,
771,(HO)2,*OO,,721,1,,
772,ONH2,*ON,*ON,457,1,,
773,OMEM,*OCOCCOC,*OCOCCOC,738,1,,
774,OCH2OC2H5,*OCOCC,*OCOCC,531,1,,
775,OHOC,*OCO,,450,1,,
776,OCH2CH2OPOCH2CH2N+(CH3)3,*OCCOP([*-])OCC[N+](C)(C)C,*OCCOP([*-])OCC[N+](C)(C)C,712,1,,
777,(OCH2CH2)2OCO,*OCCOCCOC(*)=O,*OCCOCCOC(*)=O,608,1,,
778,OCH2CH2OCH3,*OCCOC,*OCCOC,560,1,,
779,OCH2CH2OH,*OCCO,*OCCO,414,1,,
780,OCH2CH2F,*OCCF,*OCCF,779,1,,
781,O(CH2)3O,*OCCCO*,*OCCCO*,453,1,,
782,SO2CH2CH2CH2SO2NHCH2CH2CH2O,*OCCCNS(=O)(=O)CCCS(*)(=O)=O,*OCCCNS(=O)(=O)CCCS(*)(=O)=O,404,1,,
783,O(CH2)4O,*OCCCCO*,*OCCCCO*,651,1,,
784,O(CH2)6O2CCH,*OCCCCCCOOCC,*OCCCCCCOOCC,460,1,,
785,O(CH2)6O,*OCCCCCCO*,*OCCCCCCO*,710,1,,
786,O(CH2)10SH,*OCCCCCCCCCCS,*OCCCCCCCCCCS,690,1,,
787,O(CH2)15CH3,*CC,*OCCCCCCCCCCCCCCCC,701,1,,
788,O(CH2)11CH3,*OCCCCCCCCCCCC,*OCCCCCCCCCCCC,592,1,,
789,OC9H19,*OCCCCCCCCC,*OCCCCCCCCC,685,1,,
790,OC8H17,*OCCCCCCCC,*OCCCCCCCC,682,1,,
791,OCH2CH2CH2CH2CH2CH3,*OCCCCCC,*OCCCCCC,731,1,,
792,OCH2CH2CH2CH3,*OCCCC,*OCCCC,629,1,,
793,On-Pr,*OCCC,*OCCC,632,1,,
794,OCH2CHOHCH2OH,*OCC(O)CO,*OCC(O)CO,565,1,,
795,OCH2CHOHCH2NH,*OCC(O)CN,*OCC(O)CN,500,1,,
796,OCH2CHOHCH2NH2,*OCC(O)CN,*OCC(O)CN,526,1,,
797,F3CH2CO,*OC(=C)(F)(F)F,*OCC(F)(F)F,551,1,,
798,OCH2CH(C2H5)(CH2)3CH3,*OCC(CC)CCCC,*OCC(CC)CCCC,775,1,,
799,OCH2CHCH2CCH3,*OCC(*)CC(*)(*)C,*OCC(*)CC(*)(*)C,524,1,,
800,OCH2CN,*OCC#N,*OCC#N,546,1,,
801,THPO,*OC1CCCCO1,*OC1CCCCO1,583,1,,
802,HF2CO,*OC(F)F,*OC(F)F,718,1,,
803,OCHFCH2F,*OC(F)CF,*OC(F)CF,716,1,,
804,OCF2CF3,*OC(F)(F)C(F)(F)F,*OC(F)(F)C(F)(F)F,437,1,,
805,OCCl3,*OC(Cl)(Cl)Cl,*OC(Cl)(Cl)Cl,554,1,,
806,Ph3CO,*OC(c1ccccc1)(c1ccccc1)c1ccccc1,*OC(C1=CC=CC=C1)(C2=CC=CC=C2)C3=CC=CC=C3,497,1,,
807,OCOO(CH2)4O2CCH,*OC(=O)OCCCCOOCC,*OC(=O)OCCCCOOCC,584,1,,
808,OCOOMe,*OC(=O)OC,*OC(=O)OC,599,1,,
809,OCOMe,*OC(=O)C,*OC(=O)C,467,1,,
810,(H3C)3SiO,*C[Si](=O)CC,*O[Si](C)(C)C,582,1,,
811,(CH3)3SiO,**[Si](=O)CC,*O[Si](C)(C)C,757,1,,
812,OTIPS,*O[Si](C(C)C)(C(C)C)C(C)C,*O[Si](C(C)C)(C(C)C)C(C)C,458,1,,
813,OSi,*O*(*)(*)*,,675,1,,
814,O(H),*O*,,545,1,,
815,(OPh)2,*O(OC1=CC=CC=C1)C1=CC=CC=C1,*O(OC1=CC=CC=C1)C1=CC=CC=C1,438,1,,
816,(EtO)2Si,*O(CC)[SiH2]O(*)CC,*O(CC)[SiH2]O(*)CC,677,1,,
817,(OH),*O,*O,615,1,,
818,NHSO2NH,*NS(=O)(=O)N*,*NS(=O)(=O)N*,633,1,,
819,NHSO2NH2,*NS(N)(=O)=O,*NS(=O)(=O)N,674,1,,
820,SO2CH2CH2CH2SO2NH,*NS(=O)(=O)CCCS(*)(=O)=O,*NS(=O)(=O)CCCS(*)(=O)=O,424,1,,
821,NHSO2Bu,*NS(=O)(=O)CCCC,*NS(=O)(=O)CCCC,416,1,,
822,NHSO2BU,*NS(=O)(=O)CCCC,*NS(=O)(=O)CCCC,502,1,,
823,NHSO2Ph,*NS(=O)(=O)C1=CC=CC=C1,*NS(=O)(=O)C1=CC=CC=C1,699,1,,
824,(H4NO)2,*NOON,*NOON,519,1,,
825,NOH,*NO,*NO,465,1,,
826,HONH,*ON,*NO,504,1,,
827,NHNHCOCF3,*NNC(=O)C(F)(F)F,*NNC(=O)C(F)(F)F,499,1,,
828,NH+3,*NN[NH3+],,428,1,,
829,NHN,*NN,*NN,614,1,,
830,NHH2N,*NN,*NN,751,1,,
831,NHCO,*NCO*,*NCO*,411,1,,
832,NH(CH2)2N,*NCCN(*)*,*NCCN(*)*,658,1,,
833,NHC10H21,*NCCCCCCCCCC,*NCCCCCCCCCC,595,1,,
834,BuNH,*NCCCC,*NCCCC,480,1,,
835,NHBu,*NCCCC,*NCCCC,513,1,,
836,PrNH,*CCCN,*NCCC,508,1,,
837,NHPr,*NCCC,*NCCC,512,1,,
838,BnNH,*NCC1=CC=CC=C1,*NCC1=CC=CC=C1,483,1,,
839,FmocHN,*NC(*)=O,*NCC(=O)OCC1C3C(C2C1C=CC=C2)C=CC=C3,415,1,,
840,NFmoc,*OC(*)=O,*N(*)CC(=O)OCC1C3C(C2C1C=CC=C2)C=CC=C3,720,1,,
841,Et(H)N,*NCC,*NCC,528,1,,
842,N(H)Et,*NCC,*NCC,529,1,,
843,NHCHO,*NC=O,*NC=O,617,1,,
844,CH3CONH,*NC(C)=O,*NC(C)=O,425,1,,
845,CbzNH,*NC(=O)OCC1=CC=CC=C1,*NC(=O)OCC1=CC=CC=C1,475,1,,
846,NHCOOEt,*NC(=O)OCC,*NC(=O)OCC,418,1,,
847,EtO2CHN,*NC(=O)OCC,*NC(=O)OCC,520,1,,
848,HNBoc,*NC(=O)OC(C)(C)C,*NC(=O)OC(C)(C)C,585,1,,
849,NH-Boc,*NC(=O)OC(C)(C)C,*NC(=O)OC(C)(C)C,621,1,,
850,NHCOCF3,*NC(=O)C(F)(F)F,*NC(=O)C(F)(F)F,576,1,,
851,NHCOCH,*NC(=O)*(*)*,*NC(=O)*(*)*,523,1,,
852,Me(H)N,*NC,*NC,517,1,,
853,N(H)Me,*NC,*NC,542,1,,
854,NHB,*NB,*NB,569,1,,
855,NN2,*N=NN,*N=NN,448,1,,
856,NB,*N=B,*N=B,432,1,,
857,Met,*N[C@H](C=O)CCSC,,782,1,,
858,His,*N[C@@H](CC1=CN=CN1)*(*)=O,,646,1,,
859,N(SO2CH3)2,*N(S(C)(=O)=O)S(C)(=O)=O,*N(S(=O)(=O)C)S(=O)(=O)C,543,1,,
860,N(OH)CH3,*N(O)C,*N(O)C,547,1,,
861,(CH3CH2CH2CH2)2N,*N(CCCC)CCCC,*N(CCCC)CCCC,446,1,,
862,N(CH2CH2CH2CH3)2,*N(CCCC)CCCC,*N(CCCC)CCCC,464,1,,
863,(H7C3)2N,*N(CCC)CCC,*N(CCC)CCC,532,1,,
864,N(CH2CH2CH3)2,*N(CCC)CCC,*N(CCC)CCC,533,1,,
865,Bn2N,*N(CC1=CC=CC=C1)CC1=CC=CC=C1,*N(CC1=CC=CC=C1)CC1=CC=CC=C1,410,1,,
866,NBn2,*N(CC1=CC=CC=C1)CC1=CC=CC=C1,*N(CC1=CC=CC=C1)CC1=CC=CC=C1,756,1,,
867,N(PMB)2,*C*=C*=*OC,*N(CC1=CC=C(OC)C=C1)CC2=CC=C(OC)C=C2,607,1,,
868,N(Me)SO2Me,*N(C)S(C)(=O)=O,*N(C)S(=O)(=O)C,590,1,,
869,(H3C)2N,*N(C)C,*N(C)C,544,1,,
870,NSO2NH2,*N(*)S(N)(=O)=O,*N(*)S(=O)(=O)N,439,1,,
871,NTs,*N(*)S(=O)(=O)C1=CC=C(C)C=C1,*N(*)S(=O)(=O)C1=CC=C(C)C=C1,714,1,,
872,NBs,*N(*)S(=O)(=O)C1=CC=C(Br)C=C1,*N(*)S(=O)(=O)C1=CC=C(Br)C=C1,444,1,,
873,NBu,*N(*)CCCC,*N(*)CCCC,579,1,,
874,NPh,*N(*)C1=CC=CC=C1,*N(*)C1=CC=CC=C1,452,1,,
875,F3CN,*NC(F)(F)F,*N(*)C(F)(F)F,548,1,,
876,NBz,*N(*)C(=O)C1=CC=CC=C1,*N(*)C(=O)C1=CC=CC=C1,639,1,,
877,(HN),*N,*N,729,1,,
878,PH3C,*CP,*CP,412,1,,
879,CH3CH2CH2CH2OPOCH2,*COP(*)OCCCC,*COP(*)OCCCC,630,1,,
880,CH2OOH,*COO,*COO,783,1,,
881,CHCH2NH(CH2)6O(CH2)2OCH2,*COCCOCCCCCCNCC(*)*,*COCCOCCCCCCNCC(*)*,746,1,,
882,CHCO2(CH2)6O,*COCCCOCCCOC,*COCCCOCCCOC,461,1,,
883,CH2OCOCH3,*COC(C)=O,*COC(C)=O,774,1,,
884,H3COCOH2C,*COC#CO,*COC#CO,735,1,,
885,COH,*CO,*CO,680,1,,
886,HOCH2,*OC,*CO,745,1,,
887,CNHSO2CH3,*CNS(C)(=O)=O,*CNS(=O)(=O)C,606,1,,
888,H2NCH2,*CN,*CN,488,1,,
889,ClHg,*Cl[Hg],*Cl[Hg],758,1,,
890,CF,*CF,*CF,549,1,,
891,FH2C,*FC,*CF,724,1,,
892,CHCO2(CH2)4OOCO,*CCOOCCCCOOC=O,*CCOOCCCCOOC=O,586,1,,
893,(C2H4O)13,*CCOCCOCCO*,*CCOCCOCCO*,612,1,,
894,OCH2C,*CCO*,*CCO*,733,1,,
895,(CH2)2NH,*CNC*,*CCN*,778,1,,
896,CH2Cl,*CCl,*CCl,400,1,,
897,CH2CH2CH2SCH3,*CCCSC,*CCCSC,405,1,,
898,(CH2)3SO(CH2)3CF2CF3,*CCCS(=O)CCCC(F)(F)C(F)(F)F,*CCCS(=O)CCCC(F)(F)C(F)(F)F,597,1,,
899,C3H6SO3K,*CCCS(=O)(=O)O[K],*CCCS(=O)(=O)O[K],698,1,,
900,CH2CH2CH2OCH2CH,*CCCOCC1**1,*CCCOCC1**1,436,1,,
901,C3H6O,*CCCO*,*CCCO*,570,1,,
902,(C3H6O),*CCCO*,*CCCO*,613,1,,
903,H2NCH2CH2CH2,*NCCC,*CCCN,663,1,,
904,CH2CH2CH2NH2,*CCCN,*CCCN,686,1,,
905,CH2CH2Cl,*CCCl,*CCCl,407,1,,
906,CH3(CH2)7S(CH2)3S,*CCCCSCS(=C)CCCCC,*CCCCSCS(=C)CCCCC,700,1,,
907,COO(CH2)4,*CCCCOC(*)=O,*CCCCOC(*)=O,676,1,,
908,(CH2)4O,*CCCCO*,*CCCCO*,535,1,,
909,ClCH2CH2CH2,*CCCCl,*CCCCl,421,1,,
910,CH2CH2CH2Cl,*CCCCl,*CCCCl,422,1,,
911,O(CH2)6,*CCCCCCO*,*CCCCCCO*,709,1,,
912,NH(CH2)6,*CCCCCCN*,*CCCCCCN*,696,1,,
913,HSCH2(CH2)8CH2,*SCCCCCCCCCC,*CCCCCCCCCCS,681,1,,
914,CH3(CH2)19,*CCCCC*,*CCCCCCCCCCCCCCCCCCCC,727,1,,
915,(CH2)16CH3,*CC,*CCCCCCCCCCCCCCCCC,684,1,,
916,CH3(CH2)15,*C*,*CCCCCCCCCCCCCCCC,678,1,,
917,(CH2)11Me,*CCCCCCCCCCCC,*CCCCCCCCCCCC,537,1,,
918,CH2(CH2)9CH3,*CCCCCCCCCCC,*CCCCCCCCCCC,772,1,,
919,CH2(CH2)7CH3,*CCCCCCCCC,*CCCCCCCCC,571,1,,
920,(CH2)7CH3,*CCCCCCCC,*CCCCCCCC,732,1,,
921,CH3(CH2)4CH2,*CCCCCC,*CCCCCC,619,1,,
922,CH2CH2CH2CH2CH2CH3,*CCCCCC,*CCCCCC,691,1,,
923,(CH2)5CH3,*CCCCCC,*CCCCCC,717,1,,
924,(CH2)5Br,*CCCCCBr,*CCCCCBr,493,1,,
925,CH2CH2CH2C,*CCCC*,*CCCC*,568,1,,
926,CH2CH2CH2COOH,*CCCC(=O)O,*CCCC(=O)O,598,1,,
927,(CH2)3CO2H,*CCCC(=O)O,*CCCC(=O)O,771,1,,
928,HCH2CH2CH2C,*CCCC(*)*,*CCCC(*)*,417,1,,
929,CHCH2CH2CH2,*CCCC(*)*,*CCCC(*)*,538,1,,
930,(CH2)3CN,*CCCC#N,*CCCC#N,670,1,,
931,H3C(H2C)3,*CCCC,*CCCC,625,1,,
932,CH2CH2CHCH2CH3,*CCC(*)CC,*CCC(*)CC,409,1,,
933,CH3CH2CH2,*CCC,*CCC,557,1,,
934,CH2CH2CH,*CCC,*CCC,705,1,,
935,CF3CH2,*CC(F)(F)F,*CC(F)(F)F,558,1,,
936,CH2(CF2)4CH2,*CC(F)(F)C(F)(F)C(F)(F)C(F)(F)C*,*CC(F)(F)C(F)(F)C(F)(F)C(F)(F)C*,744,1,,
937,CH2CH(C2H5)(CH2)3CH3,*CC(CC)CCCC,*CC(CC)CCCC,776,1,,
938,(CH3)2CHCH2OOC,*CC(C)COC=O,*CC(C)COC=O,641,1,,
939,CH2CHMe2,*CC(C)C,*CC(C)C,454,1,,
940,CH2CO2CH3,*CC(=O)OC,*CC(=O)OC,650,1,,
941,CH2CO2H,*CC(=O)O,*CC(=O)O,652,1,,
942,(CH2CHO),*CC(*)O*,*CC(*)O*,769,1,,
943,CH2CHCH3,*CC(*)C,*CC(*)C,575,1,,
944,COCH2,*CC(*)=O,*CC(*)=O,426,1,,
945,CH2C,*CC(*)(*)*,*CC(*)(*)*,427,1,,
946,CH2Br,*CBr,*CBr,687,1,,
947,CONH(CH2)6NHCOCH(CH2)3N-t-BOC,*C[N-](*)C(=O)OC(C)(C)C,*C[N-](*)C(=O)OC(C)(C)C,408,1,,
948,CDH2,*C[2H],*C[2H],777,1,,
949,CF2Cl,*C(F)(F)Cl,*C(F)(F)Cl,748,1,,
950,CF2CF2H,*C(F)(F)C(F)F,*C(F)(F)C(F)F,563,1,,
951,(CF2)4H,*C(F)(F)C(F)(F)C(F)(F)C(F)F,*C(F)(F)C(F)(F)C(F)(F)C(F)F,401,1,,
952,CF2CF2CF2CF2H,*C(F)(F)C(F)(F)C(F)(F)C(F)F,*C(F)(F)C(F)(F)C(F)(F)C(F)F,669,1,,
953,H3CF2C,*CC(F)F,*C(F)(F)C,627,1,,
954,SO2(CH2)3SO2NHCH2CHCH2OH,*C(CO)CNS(=O)(=O)CCCS(*)(=O)=O,*C(CO)CNS(=O)(=O)CCCS(*)(=O)=O,564,1,,
955,CCl3,*C(Cl)(Cl)Cl,*C(Cl)(Cl)Cl,440,1,,
956,Ph3C,*C(c1ccccc1)(c1ccccc1)c1ccccc1,*C(C1=CC=CC=C1)(C2=CC=CC=C2)C3=CC=CC=C3,496,1,,
957,CHCHCH2CH2,*C(C)CC,*C(C)CC,534,1,,
958,CBr3,*C(Br)(Br)Br,*C(Br)(Br)Br,476,1,,
959,COSH,*C(=O)S,*C(=O)S,466,1,,
960,CO3,*C(=O)OO,*C(=O)OO,726,1,,
961,CO2CysPr,*C(=O)ON[C@@H](CS)C(=O)CCC,*C(=O)ON[C@@H](CS)C(=O)CCC,419,1,,
962,H4NOOC,*C(=O)ON,*C(=O)ON,541,1,,
963,COOC8H17,*C(=O)OCCCCCCCC,*C(=O)OCCCCCCCC,755,1,,
964,BuO2C,*C(=O)OCCCC,*C(=O)OCCCC,478,1,,
965,BnO2C,*C(=O)OCC1=CC=CC=C1,*C(=O)OCC1=CC=CC=C1,482,1,,
966,CO2CH2CN,*C(=O)OCC#N,*C(=O)OCC#N,737,1,,
967,COOCH(CH3)2,*C(=O)OC(C)C,*C(=O)OC(C)C,648,1,,
968,CO2iPr,*C(=O)OC(C)C,*C(=O)OC(C)C,713,1,,
969,COOi-Pr,*C(=O)OC(C)C,*C(=O)OC(C)C,728,1,,
970,CONHCH2CF3,*C(=O)NCC(F)(F)F,*C(=O)NCC(F)(F)F,447,1,,
971,CONEt2,*C(=O)N(CC)CC,*C(=O)N(CC)CC,786,1,,
972,COF,*C(=O)F,*C(=O)F,468,1,,
973,COCH2OCH3,*C(=O)COC,*C(=O)COC,572,1,,
974,COCl,*C(=O)Cl,*C(=O)Cl,471,1,,
975,CO(CH2)6CH3,*C(=O)CCCCCCC,*C(=O)CCCCCCC,580,1,,
976,COBu,*C(=O)CCCC,*C(=O)CCCC,472,1,,
977,COEt,*C(=O)CC,*C(=O)CC,469,1,,
978,COCO,*C(=O)C=O,*C(=O)C=O,470,1,,
979,COCF3,*C(=O)C(F)(F)F,*C(=O)C(F)(F)F,459,1,,
980,COCH,*C(=O)C(*)*,*C(=O)C(*)*,600,1,,
981,COCH3,*C(C)=O,*C(=O)C,773,1,,
982,COBr,*C(=O)Br,*C(=O)Br,473,1,,
983,CO2,*C(=O)[O-],*C(=O)[O-],740,1,,
984,C(O),*C(*)=O,*C(=O)*,618,1,,
985,COT,*C([3H])=O,*C([3H])=O,456,1,,
986,CH2(CH2)6CH2,*C(*)CCCCCCC,*C(*)CCCCCCC,605,1,,
987,C8H17OCOCH,*C(*)C(=O)OCCCCCCCC,*C(*)C(=O)OCCCCCCCC,653,1,,
988,CHCH,*C(*)C(*)*,*C(*)C(*)*,694,1,,
989,ClCH2CH2C,*C(*)(*)CCCl,*C(*)(*)CCCl,406,1,,
990,(HO2)B,*O(B)O,*B(O)O,750,1,,
991,TeF5,*[Te](F)(F)(F)(F)F,*[Te](F)(F)(F)(F)F,445,1,,
992,Me3Sn,*[Sn]C(C)C,*[Sn]C(C)C,657,1,,
993,Bu3Sn,*[Sn](CCCC)(CCCC)CCCC,*[Sn](CCCC)(CCCC)CCCC,481,1,,
994,Sn(CH3)3,*[Sn](C)(C)C,*[Sn](C)(C)C,449,1,,
995,Si(NMe2)3,*[Si](N(C)C)(N(C)C)N(C)C,*[Si](N(C)C)(N(C)C)N(C)C,634,1,,
996,H2NC2H4NHC3H6Si(OCH3)2,*[Si](CCCNCCN)(OC)OC,*[Si](CCCNCCN)(OC)OC,577,1,,
997,Si(OEt)2,*[Si](*)(OCC)OCC,*[Si](*)(OCC)OCC,654,1,,
998,SiMe2,*[Si](*)(C)C,*[Si](*)(C)C,711,1,,
999,SO2NH(CH2)2NH,*[SH](*)OCNCNO,*[SH](*)OCNCNO,659,1,,
1000,SeF2CF3,*[Se](F)(F)C(F)(F)F,*[Se](F)(F)C(F)(F)F,593,1,,
1001,P(O)Ph2,*P(=O)(C1=CC=CC=C1)C1=CC=CC=C1,*[P](=O)(C1=CC=CC=C1)C2=CC=CC=C2,622,1,,
1002,O+Na-,*[O+]=[Na-],*[O+]=[Na-],671,1,,
1003,N+O-,*[NH2+][O-],*[NH2+][O-],588,1,,
1004,MgCl,*[Mg]Cl,*[Mg]Cl,587,1,,
1005,K+-S,*[K-2]=S,*[K-2]=S,591,1,,
1006,ICH2,*[IH]C,*[IH]C,695,1,,
1007,CsO,*[Cs]O,*[Cs]O,644,1,,
1008,(CH)2P2O(OEt)2,*/C=C/P(=O)(OCC)POCC,*/C=C/P(=O)(OCC)POCC,767,1,,
1009,C8H17OCOCH2,**C(=O)OCCCCCCCC,**C(=O)OCCCCCCCC,626,1,,
1010,CON,**(*)C(*)=O,**(*)C(*)=O,704,1,,
1011,C3H2,**#CC,**#CC,693,1,,
1012,H3CC,*CC,,643,1,,
1013,(Mx+)n,*[C@@H](**N(*)*1=*C(=O)NC(N)=N1)NP(*)[*-],,739,1,,
1014,(C4H8O),**CCCC*,,768,1,,
1015,C2H4O,**CC*,,664,1,,
1016,NHC18H37,*CCCC*,,403,1,,
1017,RO2C,*C(=O)OC,,420,1,,
1018,(CH2)9S(CH2)3CF2CF3,F*C(F)(F)F,,435,1,,
1019,NH3Cl,*NCl,,441,1,,
1020,SSC16H33,*CCC*,,443,1,,
1021,O(CH2)2O(CH2)17CH3,*CCCCCCC,,455,1,,
1022,AmS,*SCCCCC,,484,1,,
1023,AmO2C,*C(=O)OCCCCC,,485,1,,
1024,AmO,*OCCCCC,,486,1,,
1025,AmNH,*NCCCCC,,487,1,,
1026,Et3N,*N(CC)(CC)CC,,489,1,,
1027,C6H,*CCCCCC,,505,1,,
1028,C8H,*CCCCCCCC,,506,1,,
1029,POOEt2,*P(=O)(OCC)OCC,*P(=O)(OCC)OCC,509,1,,
1030,POEt3,*P(OCC)(OCC)OCC,*P(OCC)(OCC)OCC,510,1,,
1031,POEt2,*P(OCC)OCC,*P(OCC)OCC,511,1,,
1032,NHAm,*NCCCCC,,514,1,,
1033,ZNH,*NC(=O)OCC1=CC=CC=C1,,515,1,,
1034,CH2CH2CH2CH2CH,*CCCCC,,521,1,,
1035,CONH(CH2)2NHCOCH(CH2)3N-t-BOC,[*-]C(=O)**(C)(C)C,,522,1,,
1036,(CH2)16Me,*CC,*CCCCCCCCCCCCCCCC,530,1,,
1037,H2CO,*OC,,536,1,,
1038,O2,*S(*)(=O)=O,,540,1,,
1039,Ar1,*[Ar],,553,1,,
1040,C18H37HNOC,*CCCCCC*,,561,1,,
1041,ClHH2N,*ClN,,578,1,,
1042,CO2C6F5,*C(=O)OC#CC#CC#C(F)(F)(F)(F)F,,594,1,,
1043,HO,*OC,,611,1,,
1044,(H),*[H],,616,1,,
1045,I2,*I(*)(*)(*)I,,624,1,,
1046,2,*1C2=CC=CC=C2C2=N1C=CC=C2,,631,1,,
1047,NH,*NS(C)(=O)=O,,637,1,,
1048,H3COC,*CC=O,,638,1,,
1049,(CF2)6H,*C(F)F,,640,1,,
1050,Val,**[C@H](C(*)=O)C(C)C,,645,1,,
1051,CH2OH2,*CO*,,655,1,,
1052,CoA,[O-]*[O-],,661,1,,
1053,NY,*N(*)[Y],,666,1,,
1054,POCH2N[CH2PO(ONa)2]2,[Na]**O[Na],,672,1,,
1055,2-900,*CC(*)(C)[Y],,683,1,,
1056,B1,*B,,689,1,,
1057,F1,*F,,702,1,,
1058,F2,*FF,,703,1,,
1059,C2F6,*C#C(F)(F)(F)(F)(F)F,,707,1,,
1060,(CH2)9SO(CH2)3CF2CF2,F*(F)C(F)F,,708,1,,
1061,C7F15,F*(F)(F)(F)(F)(F)F,,730,1,,
1062,FH3C,*FC,,734,1,,
1063,(CF2)5CF3,*C(F)(F)F,,742,1,,
1064,(Y),*[Y]*,,753,1,,
1065,1-a,*C[C@@H]1C(CO)O[C@@H](*)C(NC(C)=O)[C@H]1O,,759,1,,
1066,(CH2)15CH3,*C,,760,1,,
1067,3-n1,*CCC[3H],,765,1,,
1068,3-n2,*CCC[3H],,766,1,,
1069,OCF3O,*OC(F)(F)F=O,,780,1,,
1070,F2C,*C(F)F,*C(*)(F)(F),787,,,
1071,N,,,246,,,
1072,S,,,539,,,
